,Time,VarName,VarValue,VarUnits,Site
0,0024-06-30,FATES_FROOTC,0.091804139316082,kg m-2,US-ORN
1,0024-06-30,Calc_N_Demand,1.83608278632164e-07,kg m-2 s-1,US-ORN
2,0024-06-30,FATES_NDEMAND,1.8348681862789817e-07,kg m-2 s-1,US-ORN
3,0024-06-30,FATES_NH4UPTAKE,1.8348679020618874e-07,kg m-2 s-1,US-ORN
4,0024-06-30,FATES_NO3UPTAKE,3.280366836456647e-14,kg m-2 s-1,US-ORN
5,0024-06-30,NFIX_TO_SMINN,1.6079996223439252e-09,gN/m^2/s,US-ORN
6,0024-06-30,FATES_NEFFLUX,1.830643014955058e-07,kg m-2 s-1,US-ORN
7,0024-06-30,SUPPLEMENT_TO_SMINN,0.00018299510702490807,gN/m^2/s,US-ORN
8,0024-06-30,SMINN,0.005733767990022898,gN/m^2,US-ORN
9,0024-06-30,SMINN_TO_PLANT,0.00018360323156230152,gN/m^2/s,US-ORN
10,0024-06-30,FATES_STOREN,0.049047891050577164,kg m-2,US-ORN
11,0024-06-30,FATES_VEGN,0.0615820437669754,kg m-2,US-ORN
12,0024-06-30,FATES_FROOTN,0.00220329943113029,kg m-2,US-ORN
13,0024-06-30,FATES_STOREN_TF,2.0,1,US-ORN
14,0024-06-30,ACTUAL_IMMOB,9.850612059381092e-07,gN/m^2/s,US-ORN
15,0024-06-30,POTENTIAL_IMMOB,9.850612059381092e-07,gN/m^2/s,US-ORN
16,0126-06-30,FATES_FROOTC,0.7527291178703308,kg m-2,US-ORN
17,0126-06-30,Calc_N_Demand,1.5054582357406615e-06,kg m-2 s-1,US-ORN
18,0126-06-30,FATES_NDEMAND,1.5034576108519104e-06,kg m-2 s-1,US-ORN
19,0126-06-30,FATES_NH4UPTAKE,3.7284165338435926e-11,kg m-2 s-1,US-ORN
20,0126-06-30,FATES_NO3UPTAKE,2.3921066562395434e-18,kg m-2 s-1,US-ORN
21,0126-06-30,NFIX_TO_SMINN,1.190077036916648e-09,gN/m^2/s,US-ORN
22,0126-06-30,FATES_NEFFLUX,3.623093112804306e-32,kg m-2 s-1,US-ORN
23,0126-06-30,SUPPLEMENT_TO_SMINN,0.0,gN/m^2/s,US-ORN
24,0126-06-30,SMINN,0.0002286447852384299,gN/m^2,US-ORN
25,0126-06-30,SMINN_TO_PLANT,3.613698140725319e-08,gN/m^2/s,US-ORN
26,0126-06-30,FATES_STOREN,9.89864634703963e-09,kg m-2,US-ORN
27,0126-06-30,FATES_VEGN,0.08431951701641083,kg m-2,US-ORN
28,0126-06-30,FATES_FROOTN,0.0005378038622438908,kg m-2,US-ORN
29,0126-06-30,FATES_STOREN_TF,1.115972850129765e-06,1,US-ORN
30,0126-06-30,ACTUAL_IMMOB,2.713555424804781e-08,gN/m^2/s,US-ORN
31,0126-06-30,POTENTIAL_IMMOB,0.0011102703865617514,gN/m^2/s,US-ORN
32,0226-06-30,FATES_FROOTC,0.019487816840410233,kg m-2,US-ORN
33,0226-06-30,Calc_N_Demand,3.897563368082046e-08,kg m-2 s-1,US-ORN
34,0226-06-30,FATES_NDEMAND,3.877061161006168e-08,kg m-2 s-1,US-ORN
35,0226-06-30,FATES_NH4UPTAKE,1.2442651943500582e-11,kg m-2 s-1,US-ORN
36,0226-06-30,FATES_NO3UPTAKE,7.370839347976294e-18,kg m-2 s-1,US-ORN
37,0226-06-30,NFIX_TO_SMINN,6.836922694652969e-11,gN/m^2/s,US-ORN
38,0226-06-30,FATES_NEFFLUX,5.605193857299268e-44,kg m-2 s-1,US-ORN
39,0226-06-30,SUPPLEMENT_TO_SMINN,0.0,gN/m^2/s,US-ORN
40,0226-06-30,SMINN,0.0011214704718440771,gN/m^2,US-ORN
41,0226-06-30,SMINN_TO_PLANT,1.2445045882714112e-08,gN/m^2/s,US-ORN
42,0226-06-30,FATES_STOREN,4.1809857975749765e-06,kg m-2,US-ORN
43,0226-06-30,FATES_VEGN,0.00046079803723841906,kg m-2,US-ORN
44,0226-06-30,FATES_FROOTN,3.6043074942426756e-05,kg m-2,US-ORN
45,0226-06-30,FATES_STOREN_TF,0.008951487950980663,1,US-ORN
46,0226-06-30,ACTUAL_IMMOB,3.0011432272658567e-07,gN/m^2/s,US-ORN
47,0226-06-30,POTENTIAL_IMMOB,0.0015110989334061742,gN/m^2/s,US-ORN
48,0024-06-30,FATES_FROOTC,0.08230981230735779,kg m-2,US-DUK
49,0024-06-30,Calc_N_Demand,1.6461962461471557e-07,kg m-2 s-1,US-DUK
50,0024-06-30,FATES_NDEMAND,1.6461962104585837e-07,kg m-2 s-1,US-DUK
51,0024-06-30,FATES_NH4UPTAKE,1.6461962104585837e-07,kg m-2 s-1,US-DUK
52,0024-06-30,FATES_NO3UPTAKE,1.2330145110765918e-14,kg m-2 s-1,US-DUK
53,0024-06-30,NFIX_TO_SMINN,1.3668257636823e-09,gN/m^2/s,US-DUK
54,0024-06-30,FATES_NEFFLUX,1.642566616055774e-07,kg m-2 s-1,US-DUK
55,0024-06-30,SUPPLEMENT_TO_SMINN,0.00016438901366200298,gN/m^2/s,US-DUK
56,0024-06-30,SMINN,0.003627459052950144,gN/m^2,US-DUK
57,0024-06-30,SMINN_TO_PLANT,0.00016461963241454214,gN/m^2/s,US-DUK
58,0024-06-30,FATES_STOREN,0.028643814846873283,kg m-2,US-DUK
59,0024-06-30,FATES_VEGN,0.05567563697695732,kg m-2,US-DUK
60,0024-06-30,FATES_FROOTN,0.0019754355307668447,kg m-2,US-DUK
61,0024-06-30,FATES_STOREN_TF,2.0,1,US-DUK
62,0024-06-30,ACTUAL_IMMOB,7.759474556223722e-07,gN/m^2/s,US-DUK
63,0024-06-30,POTENTIAL_IMMOB,7.759474556223722e-07,gN/m^2/s,US-DUK
64,0126-06-30,FATES_FROOTC,1.5986828804016113,kg m-2,US-DUK
65,0126-06-30,Calc_N_Demand,3.1973657608032227e-06,kg m-2 s-1,US-DUK
66,0126-06-30,FATES_NDEMAND,3.197670139343245e-06,kg m-2 s-1,US-DUK
67,0126-06-30,FATES_NH4UPTAKE,3.55066080703903e-11,kg m-2 s-1,US-DUK
68,0126-06-30,FATES_NO3UPTAKE,1.8369344619572282e-18,kg m-2 s-1,US-DUK
69,0126-06-30,NFIX_TO_SMINN,6.165557508985842e-10,gN/m^2/s,US-DUK
70,0126-06-30,FATES_NEFFLUX,0.0,kg m-2 s-1,US-DUK
71,0126-06-30,SUPPLEMENT_TO_SMINN,0.0,gN/m^2/s,US-DUK
72,0126-06-30,SMINN,0.00017589823983144015,gN/m^2,US-DUK
73,0126-06-30,SMINN_TO_PLANT,3.569684636772763e-08,gN/m^2/s,US-DUK
74,0126-06-30,FATES_STOREN,2.893241060064611e-07,kg m-2,US-DUK
75,0126-06-30,FATES_VEGN,0.11412417143583298,kg m-2,US-DUK
76,0126-06-30,FATES_FROOTN,0.0012566721998155117,kg m-2,US-DUK
77,0126-06-30,FATES_STOREN_TF,6.004875831422396e-05,1,US-DUK
78,0126-06-30,ACTUAL_IMMOB,1.3192489767277493e-08,gN/m^2/s,US-DUK
79,0126-06-30,POTENTIAL_IMMOB,0.0011979007394984365,gN/m^2/s,US-DUK
80,0226-06-30,FATES_FROOTC,0.060944873839616776,kg m-2,US-DUK
81,0226-06-30,Calc_N_Demand,1.2188974767923355e-07,kg m-2 s-1,US-DUK
82,0226-06-30,FATES_NDEMAND,1.2180991859622736e-07,kg m-2 s-1,US-DUK
83,0226-06-30,FATES_NH4UPTAKE,4.287852017892391e-11,kg m-2 s-1,US-DUK
84,0226-06-30,FATES_NO3UPTAKE,3.44489292265059e-17,kg m-2 s-1,US-DUK
85,0226-06-30,NFIX_TO_SMINN,3.5909396983724307e-11,gN/m^2/s,US-DUK
86,0226-06-30,FATES_NEFFLUX,5.4852320602316595e-12,kg m-2 s-1,US-DUK
87,0226-06-30,SUPPLEMENT_TO_SMINN,0.0,gN/m^2/s,US-DUK
88,0226-06-30,SMINN,0.0014576882822439075,gN/m^2,US-DUK
89,0226-06-30,SMINN_TO_PLANT,4.2307135572627885e-08,gN/m^2/s,US-DUK
90,0226-06-30,FATES_STOREN,0.0017370283603668213,kg m-2,US-DUK
91,0226-06-30,FATES_VEGN,0.017986612394452095,kg m-2,US-DUK
92,0226-06-30,FATES_FROOTN,0.001462677028030157,kg m-2,US-DUK
93,0226-06-30,FATES_STOREN_TF,1.994626760482788,1,US-DUK
94,0226-06-30,ACTUAL_IMMOB,3.5884826843357587e-07,gN/m^2/s,US-DUK
95,0226-06-30,POTENTIAL_IMMOB,0.0010110664879903197,gN/m^2/s,US-DUK
